{"stats":{"minecraft:mined":{"minecraft:grass":1},"minecraft:picked_up":{"minecraft:porkchop":1},"minecraft:killed":{"minecraft:pig":1},"minecraft:custom":{"minecraft:jump":28,"minecraft:time_since_rest":635,"minecraft:damage_dealt":125,"minecraft:leave_game":1,"minecraft:sprint_one_cm":723,"minecraft:play_time":635,"minecraft:time_since_death":635,"minecraft:walk_one_cm":2927,"minecraft:total_world_time":635,"minecraft:mob_kills":1,"minecraft:fall_one_cm":894,"minecraft:fly_one_cm":1196}},"DataVersion":3465}