{"stats":{"minecraft:custom":{"minecraft:interact_with_furnace":18,"minecraft:mob_kills":26,"minecraft:interact_with_crafting_table":32,"minecraft:bell_ring":15,"minecraft:leave_game":18,"minecraft:sleep_in_bed":5,"minecraft:time_since_death":116605,"minecraft:time_since_rest":3020,"minecraft:sprint_one_cm":186529,"minecraft:damage_taken":376,"minecraft:walk_one_cm":247673,"minecraft:damage_dealt":6009,"minecraft:swim_one_cm":7392,"minecraft:talked_to_villager":2,"minecraft:fly_one_cm":257567,"minecraft:open_chest":9,"minecraft:crouch_one_cm":889,"minecraft:play_time":116605,"minecraft:sneak_time":464,"minecraft:walk_under_water_one_cm":4026,"minecraft:jump":1622,"minecraft:walk_on_water_one_cm":44588,"minecraft:total_world_time":116605,"minecraft:fall_one_cm":39746},"minecraft:crafted":{"minecraft:oak_planks":164,"minecraft:diamond_sword":1,"minecraft:tripwire_hook":2,"minecraft:cooked_porkchop":9,"minecraft:crafting_table":2,"minecraft:wooden_pickaxe":1,"minecraft:furnace":1,"minecraft:bucket":1,"minecraft:lever":1,"minecraft:stone_axe":1,"minecraft:bread":4,"minecraft:cooked_mutton":9,"minecraft:air":0,"minecraft:oak_trapdoor":2,"minecraft:diamond_helmet":1,"minecraft:diamond_leggings":1,"minecraft:diamond_pickaxe":1,"minecraft:shield":1,"minecraft:stick":20,"minecraft:iron_pickaxe":1,"minecraft:stone_pickaxe":2,"minecraft:wooden_axe":2,"minecraft:chest":2,"minecraft:diamond_boots":1,"minecraft:shears":1,"minecraft:diamond_chestplate":1},"minecraft:killed":{"minecraft:pig":3,"minecraft:spider":1,"minecraft:iron_golem":3,"minecraft:wandering_trader":1,"minecraft:skeleton":1,"minecraft:sheep":10,"minecraft:trader_llama":2,"minecraft:zombie":2,"minecraft:cow":3},"minecraft:mined":{"minecraft:diamond_ore":9,"minecraft:tuff":32,"minecraft:white_bed":6,"minecraft:oak_sapling":1,"minecraft:deepslate_diamond_ore":26,"minecraft:crafting_table":7,"minecraft:granite":7,"minecraft:blast_furnace":1,"minecraft:grass_block":5,"minecraft:tall_grass":11,"minecraft:cobblestone":22,"minecraft:sugar_cane":25,"minecraft:composter":3,"minecraft:oak_planks":9,"minecraft:cartography_table":1,"minecraft:diorite":38,"minecraft:wall_torch":1,"minecraft:oak_trapdoor":2,"minecraft:carrots":4,"minecraft:iron_ore":23,"minecraft:cobbled_deepslate":1,"minecraft:wheat":32,"minecraft:andesite":14,"minecraft:light_gray_wool":1,"minecraft:deepslate_lapis_ore":3,"minecraft:yellow_bed":3,"minecraft:bell":2,"minecraft:grass":46,"minecraft:potatoes":12,"minecraft:oak_log":43,"minecraft:beetroots":1,"minecraft:deepslate_iron_ore":2,"minecraft:dirt":12,"minecraft:tripwire_hook":2,"minecraft:stone":117,"minecraft:oak_leaves":28,"minecraft:tripwire":5,"minecraft:deepslate":106},"minecraft:broken":{"minecraft:stone_pickaxe":1,"minecraft:wooden_axe":1,"minecraft:wooden_pickaxe":1},"minecraft:picked_up":{"minecraft:crafting_table":7,"minecraft:wheat":12,"minecraft:andesite":14,"minecraft:tripwire_hook":2,"minecraft:leather":4,"minecraft:brown_wool":1,"minecraft:lead":2,"minecraft:potato":17,"minecraft:tuff":32,"minecraft:oak_log":41,"minecraft:yellow_bed":3,"minecraft:oak_trapdoor":2,"minecraft:lapis_lazuli":21,"minecraft:string":36,"minecraft:dirt":50,"minecraft:beetroot":1,"minecraft:apple":1,"minecraft:wheat_seeds":59,"minecraft:cartography_table":1,"minecraft:cobbled_deepslate":107,"minecraft:bell":2,"minecraft:iron_ingot":11,"minecraft:beef":8,"minecraft:light_gray_wool":2,"minecraft:poppy":4,"minecraft:sugar_cane":46,"minecraft:oak_planks":9,"minecraft:stick":3,"minecraft:raw_iron":25,"minecraft:composter":3,"minecraft:torch":1,"minecraft:porkchop":9,"minecraft:blast_furnace":1,"minecraft:diorite":38,"minecraft:white_bed":6,"minecraft:carrot":9,"minecraft:rotten_flesh":2,"minecraft:diamond":35,"minecraft:beetroot_seeds":3,"minecraft:granite":7,"minecraft:oak_sapling":5,"minecraft:black_wool":1,"minecraft:mutton":11,"minecraft:white_wool":7,"minecraft:cobblestone":139},"minecraft:used":{"minecraft:wheat_seeds":24,"minecraft:cooked_mutton":6,"minecraft:oak_trapdoor":4,"minecraft:water_bucket":22,"minecraft:diamond_boots":1,"minecraft:stone_pickaxe":139,"minecraft:oak_planks":96,"minecraft:chest":2,"minecraft:wooden_pickaxe":43,"minecraft:bell":2,"minecraft:sugar_cane":42,"minecraft:dirt":6,"minecraft:crafting_table":8,"minecraft:carrot":8,"minecraft:white_bed":6,"minecraft:shears":34,"minecraft:wooden_axe":68,"minecraft:lever":1,"minecraft:diamond_pickaxe":186,"minecraft:apple":1,"minecraft:bread":4,"minecraft:string":20,"minecraft:iron_pickaxe":63,"minecraft:stone_axe":91,"minecraft:light_gray_wool":1,"minecraft:diamond_chestplate":1,"minecraft:tripwire_hook":4,"minecraft:diamond_sword":92,"minecraft:cobblestone":84,"minecraft:beef":6,"minecraft:oak_sapling":5,"minecraft:furnace":1,"minecraft:bucket":23,"minecraft:yellow_bed":3,"minecraft:potato":17,"minecraft:cobbled_deepslate":43,"minecraft:diamond_leggings":1}},"DataVersion":3465}